,ID,Price,Initprice,Bids,Title
0,s350392100 ,2000.0,2000.0,0, ■新品■NEC■ LL550（２灯式）液晶インバーター PK07009G00      
1,t218944897 ,500.0,500.0,0, PCG-Z1XE/B Z1/P Z1X/P Z1V/P Z1R/P用CD連接端子/Z1P-cdcon3  
2,c328754911 ,985.0,985.0,0, 新品512mb/DDR2-667/PC5300/SONY VGN-FJ10 FJ11 VGN-BX90 BX96   
3,s234012093 ,689.0,689.0,0, PCG-Z1/P Z1X/P Z1V/P Z1R/P Z1VE Z1XE/B用液晶ケーブル/Z1P-cab 
4,t210726505 ,785.0,785.0,0, GR5E/BP GR5F/BP GR9/K GR3N用14.1型液晶インバーター/GR5E-inv   
5,c272473882 ,885.0,885.0,0, PCG-GR5F/BP 　GR7  G9/K  R3N/BP用液晶ケーブル/gr5fcable   
6,w100454408 ,29800.0,1.0,23, 【爆発スタ】1円-美品/SONY-VAIO-S70-シャンパンゴールド/2GB      
7,w100455004 ,34800.0,1.0,6, 【爆発スタ１円】レッド*SONY-VAIO-VGN-CS62JB*2GB/300GB/OFFICE      
8,g134549923 ,900.0,900.0,0, 新春特価★Windows 8/7/XP/Vista高速化ソフト★驚速より確実高速      
9,v354887459 ,15500.0,12000.0,7, SONY VGN-CR92HS/Core2Duo2.1GHz/120G/DVD±RW/14WideTFT/OS無      
10,h184136204 ,800.0,800.0,0, ★ ジャンク SONYパワーアップステーションPCGA-PSX1      
11,f138861053 ,1300.0,1300.0,0, 【新品☆送料140円】SONY VGN-CS CPU ファン MCF-C29BM05      
12,d152024524 ,2720.0,1000.0,7, SONY PCG-Z1XE/B      
13,t314009211 ,1595.0,1595.0,0, 新品1GB/DDR2-667/PC5300/SONY VGN-FJ10 FJ11 VGN-BX90 BX96   
14,183285023 ,30000.0,25000.0,8, 難有ＳＯＮＹ　ＶＡＩＯ　ＶＰＣＥＡ３ＡＦＪ　薄ピンク      
15,b140182819 ,980.0,980.0,0, VGN-CR72B CR62B CR92 CR61B CR60B CS90用マイク入力/CR72B-mic 
16,m105942403 ,998.0,998.0,0, FJ91S FJ21B FJ11B FJ22B FJ92 FJ12B用ilink/FJ91S-ilink 
17,t218944893 ,500.0,500.0,0, PCG-Z1/P Z1X/P Z1V/P Z1R/P Z1VE Z1XE/B用アンテナー/Z1P-an 
18,x175110274 ,500.0,500.0,0, PCG-Z1/P Z1X/P Z1V/P Z1R/P Z1VE Z1XE/B用ヒンジカバー/Z1P-hgc 
19,g129734448 ,1000.0,1000.0,1, VAIO PCG-952B PCG-FX55/BP ジャンク      
20,r56192488 ,998.0,998.0,0, FJ21B FJ11B FJ22B FJ92 FJ12B FJ90 FJ91用散熱板/FJ21B-hp
21,l140010484 ,985.0,985.0,0, 新品512mb/DDR2/PC5300/SONY VGN-FJ21 FJ22 FJ91 FJ90VGN-BX94   
22,c293868779 ,585.0,585.0,0, PCG-GR5F/BP GR7/K GR9/K GR3N/BP用CPUファン/gr5f-fan3   
23,d148753751 ,26980.0,26980.0,0, 【中古品】SONY VAIO VGN-CS90HS【美品・訳あり品】      
24,w101343973 ,56800.0,1.0,18, 【Windows7 超美品】VAIO VPCCW28FJ Core i3 2.13GHz 4GB 500GB      
25,t218944899 ,550.0,550.0,0, PCG-Z1/P Z1X/P Z1V/P Z1R/P Z1VE用DVD連接ケーブル/Z1P-dvdcon  
26,l244135939 ,700.0,700.0,0, ★VAIO ★VPCEA キーボードウエア ★VGP-KBV4/P ★未使用品      
27,c293868775 ,585.0,585.0,0, PCG-GR5F/BP GR7/K GR9 GR3N用ヒンジカバー＋螺子一部/gr5f-nj3   
28,q8364870 ,1185.0,1185.0,0, DDR新品512MB/pc2700/Sony PCG-Z1 Z1R Z1T PCG-NV55 NV77m NV90 
29,t314009213 ,1595.0,1595.0,0, 新品1GB/DDR2-667/PC5300/SONY VGN-FJ21 FJ22 FJ91 FJ90VGN-BX94   
30,l196689477 ,1975.0,1975.0,0, 新品512MBメモリ/144Pin/sony R505 FX11 FX55 FX77z GR3 GR9 GR7
31,q8364778 ,1185.0,1185.0,0, DDR新品512MB/pc2700/Sony PCG-GRX99 GRT99V FR77G Z1T GRX102  
32,o6095868 ,2585.0,2585.0,0, 新品2GB/DDR2-667/PC5300/type C/VGN-CR70B CR71B CR72B CR90HS   
33,q8364742 ,1185.0,1185.0,0, DDR新品512MB/pc2700/Sony PCG-NV95 V505 GRX72 GRs55 GRS900  
34,q8364782 ,1185.0,1185.0,0, DDR新品512MB/pc2700/Sony PCG-GRZ77 GRS72v FR33 Z1V GRX51  
35,s223203498 ,500.0,500.0,0, PCG-Z1/P Z1X/P Z1V/P Z1R/P Z1VE Z1XE/B用スピーカ/Z1P-spk 
36,k161830522 ,11000.0,11000.0,0, ソニーPCG-GR5E★PenⅢ/蛍光管交換済み/新品HDD40GB/DVD      
37,g138162969 ,41000.0,40000.0,3, SONY Eシリーズ14P Core i5 3210M 4GB 750GB ブルーレイ Blu-ray      
38,c335858052 ,1975.0,1975.0,0, 新品512MBメモリ/144Pin/PCG-GR3N GR5N GR9F FX11J FX55Z FX77Z 
39,w99185424 ,6800.0,6800.0,0, ★SONY VAIO　VPCEA4AFJ リカバリーディスク　【即決送料無料】      
40,v342463324 ,800.0,800.0,0, ★VAIO ★VPCEA キーボードウエア ★VGP-KBV4/L ★未使用品      
41,r113057010 ,28900.0,1.0,42, 極上美品 VAIO Win8.1Pro/2GB/160GB/Office2013①      
42,s340451153 ,1700.0,1700.0,0, 新品▼VGN-FZ90NS VGN-FZ90S VGN-FZ90HS日本語キーボード 白      
43,h187508161 ,1300.0,1300.0,1, 【新品☆送料140円】SONY VGN-CS CPU ファン MCF-C29BM05      
44,t291752608 ,1980.0,1980.0,0, ■格安HDD交換■ハードディスク交換/データ移行/パソコン修理      
45,178037302 ,52000.0,1.0,17, 【爆発スタ】1円*美品*SONY-VAIO-VPCCW28FJ/COREi3/4GB/500GB      
46,x340845849 ,25000.0,25000.0,0, 中古　VAIO Eシリーズ VPCEA45FJ/T [ec03]      
47,j128926150 ,555.0,555.0,0, PCG-Z1XE/B Z1/P Z1X/P Z1V/P Z1R/P Z1VE用無線Lan/Z1P-wlan3 
48,d112002442 ,998.0,998.0,0, VGN-CR72B CR62B CR92 CR61B CR60B CS90用表示部品/CR72B-lee 
49,g137874301 ,16990.0,16990.0,0, 049☆ SONY VAIO VGN-BX4AA C2D@1.8GHz DRAM:1.5G HDD:80G Win7      
50,g132529534 ,59800.0,1.0,36, 【爆発スタ】1円*かなり美品*SONY-VAIO-VPCEG4FJ/DUAL-CORE/4GB      
51,w100202199 ,99.0,99.0,0, ★新品・即決★SONY VAIO typeC対応 キーボードカバー PKB-VAC2      
52,j290978607 ,2485.0,2485.0,0, DDR新品1GB/pc2700/Sony PCG-GRX99 GRT99V FR77G Z1T GRX102  
53,v320237769 ,8500.0,8500.0,0, ▲新品▲ Sony VAIO PCG-61211T 61212w PCG-61113T 液晶パネル      
54,g74548770 ,980.0,980.0,0, FJ21B FJ11B FJ22B FJ92 FJ12B FJ90 FJ91用i-link?/FJ21B-ilink
55,j135741927 ,885.0,885.0,0, GR5E/BP GR5F/BP GR9/K GR3N用14.1型SXGA+液晶ケーブル/GR5E-cab   
56,j135741929 ,585.0,585.0,0, PCG-GR5E/BP GR5F/BP GR9/K GR3N GR7/K用HD固定+カバー/GR5E-hds  
57,e127608264 ,998.0,998.0,0, FJ21B FJ11B FJ22B FJ92 FJ12B FJ90用スピーカー/FJ21B-spk 
58,c293868781 ,585.0,585.0,0, PCG-GR5F/BP GR7/K GR9/K GR3N/BP用HDマウンダー/gr5f-hdm3   
59,t340438122 ,685.0,685.0,0, PCG-Z1/P Z1X/P Z1V/P Z1R/P Z1VE Z1XE用Lanコネクタ/Z1P-usb 
60,o6095872 ,2585.0,2585.0,0, 新品2GB/DDR2-667/PC5300/type BX シリーズ/VGN-BX4AA VGN-BX6AA     
61,h184059579 ,1298.0,1298.0,0, 新春特価★究極アルティメットユーティリティWindows8/7多種対応      
62,p348419010 ,9500.0,9500.0,0, 新品 SONY Eシリーズ14P SVE14AA12T 液晶パネル▲1600 x 900      
63,w39519273 ,998.0,998.0,0, FJ21B FJ11B FJ22B FJ92 FJ12B FJ90用PCカードカバー/FJ21B-pcc 
64,m124170291 ,5000.0,5000.0,1, 中古★SONY★ノートPC★PCG-7U1N      
65,w100104890 ,1500.0,1500.0,1, ★VAIO VGP-AC19V13★ACアダプタ/VGN-N/VGN-FE/VGN-C      
66,f138222209 ,6900.0,6900.0,0, 新品 ◆SONY VAIO・ソニー VPCCA3AJ 液晶パネル◆ 1600*900      
67,r113071748 ,2500.0,2500.0,0, VAIO VGN-CS50B用リカバリディスク      
68,w100851980 ,16000.0,16000.0,0, ★☆VGN-FJ11B/CM370/1024M/120G/DVDSマルチ/WEBカメラ☆★      
69,m124058513 ,5751.0,1000.0,19, ★☆VGN-CR61B_N BIOS OK ジャンク♪♪☆★      
70,n128270831 ,8000.0,8000.0,1, ★Vaio VGN系　Biosパスワード解除　PC配送不要      
71,h164334886 ,800.0,800.0,0, ▲VAIO PCG-Z1シリーズ対応 HDD接続用金具      
72,r90000472 ,980.0,980.0,0, ▲VAIO PCG-Z1シリーズ対応 I/F各種セット      
73,v354929025 ,149580.0,149580.0,0, 限定1台★SONY VAIO Fit 14A SVF14N29EJP ピンク/新品保証付      
74,x331149466 ,137380.0,137380.0,0, 限定1台★SONY VAIO Eシリーズ SVE14139CJB ブラック/新品保証      
75,f127534044 ,5000.0,5000.0,0, s14◆ノートPCの液晶バックライト交換修理が全部で5 000円◆⑥     
76,178768981 ,980.0,980.0,0, ▲VAIO PCG-Z1/P タッチパットユニット　保守用部品      
77,u65223965 ,9800.0,9800.0,0, □VAIO VGN-BX90S Cel.M1G/768M/60G/14.型XGA/DVD/Win7+2007      
78,h177787578 ,980.0,980.0,0, ▲VAIO PCG-Z1/P 電源スイッチユニット　保守用部品      
79,e140300763 ,640.0,640.0,0, ▲VAIO PCG-Z1/P メモリースイッチユニット　保守用部品      
80,d144589327 ,640.0,640.0,0, ▲VAIO PCG-Z1/P 無線LANユニット　保守用部品      
81,w101391825 ,16010.0,1.0,40, ☆Windows Vista☆ 14.1型 VAIO TYPE C VGN-CR60B/R　おまけ付      
82,f133305642 ,10000.0,10000.0,0, ☆SONY　VAIO　VGN-FJ11B Celeron M      
83,p399564299 ,130780.0,130780.0,0, 限定1台★SONY VAIO Fit SVF14A19CJS シルバー/新品保証付      
84,s388861475 ,4766.0,2000.0,19, ★ジャンク★SONY★VAIO VGN-FJ11B★未チェック★F J164625      
85,d143980026 ,54321.0,54321.0,0, SONYソニーVAIO☆PCG-61813N/VPCCA4AJ/COREi5-2450M/2.50GHz/8GB      
86,m124084905 ,16500.0,16500.0,0, ☆液晶キレイ！VGN-FJ11B/CM370/1024M/120G/DVDSマルチ☆      
87,w91317186 ,5000.0,5000.0,0, s14☆ノートPCの電源ジャック修理の作業代金5 000円☆⑥     
88,m120639957 ,6800.0,6800.0,0, ◆新品 ◆SONY VAIO Eシリーズ　SVE14A19FJW 液晶パネル      
89,x330169196 ,1715.0,1715.0,0, 3488■=ソニー■VPCCW28FJ用DVDスーパーマルチ(GT20N)      
90,x330169192 ,857.0,857.0,0, 3490■=ソニー■VPCCW28FJ用無線LANカード(AR5B95)      
91,x330169204 ,6859.0,6859.0,0, 3484■=ソニー■VPCCW28FJ用ケース/マザーボード/CPU:Corei3      
92,w99567780 ,300.0,300.0,0, ★SONY VAIO★HDDマウンター★FXシリーズ      
93,x330169200 ,6000.0,3430.0,2, 3486■=ソニー■VPCCW28FJ用キーボード(V081578C)      
94,r113021594 ,24320.0,22500.0,3, SONY VAIO VPCEG2AJ      
95,g119850742 ,1800.0,1800.0,0, ARGtek★小型ハイパワー316mW 11n無線LAN USBアダプター(検gsky      
96,x330169202 ,10288.0,10288.0,0, 3485■=ソニー■VPCCW28FJ用14インチワイド液晶(光沢)      
97,g138047517 ,6950.0,5000.0,4, ジャンク　VGN-CS62JB      
98,x330169194 ,857.0,857.0,0, 3489■=ソニー■VPCCW28FJ用HDマウント      
99,k171267660 ,6500.0,6500.0,1, ★SONY製リチウムイオンバッテリー★VGP-BPS9A/B 中古良品      
100,n111698463 ,3480.0,3480.0,0, POWERLINK★1000mW 300Mbps/11n 無線LAN USBアダプター(検gsky      
101,p388132794 ,2280.0,2280.0,0, ■新品■NEC LaVie PC-LL750BS1YW(LL750/BS1YW)用 インバーター      
102,p388132786 ,2280.0,2280.0,0, ■新品■NEC LaVie LL750/BS6P　PC-LL750BS6P インバーター      
103,t368678135 ,2280.0,2280.0,0, ■新品■NEC LaVie PC-LL750BS1YR(LL750/BS1YR)用 インバーター      
104,t368678133 ,2280.0,2280.0,0, ■新品■NEC LaVie LL750/BS6R　PC-LL750BS6R インバーター      
105,h168278626 ,3480.0,3480.0,0, 本物保証◆ALFA 2000mW 11n無線LAN USB AWUS036NH(検gsky      
106,w100952626 ,5250.0,1.0,38, SONY VGN-FJ11B CelM 1.5GHz 512MB 60GB XP ジャンク#410-113      
107,r113197914 ,15000.0,15000.0,1, Sony VAIO Core2Duo 2.4GHz 2GB 250GB Windows7 Office      
108,u59570879 ,1380.0,1380.0,1, ★新品 SONY VGN-FZ31B VGN-FZ32B VGN-FZ51B日本語キーボード 白      
109,t369668843 ,34505.0,1.0,34, 【ハード王】SONY VAIOVPCEB48FJ/Corei3M380/4GB/500GB/Win7N657      
110,f133867802 ,7000.0,7000.0,0, ★SONY VAIO VGN FS33B/WHITE フェリカポート 動作確認OK　激安      
111,w100947205 ,25600.0,2000.0,25, 美品　SONY VAIO VGN-CS91HS 　　32０ＧＢ　Win8.1搭載　動作品      
112,w100696064 ,16050.0,2000.0,20, &#9825;　美品　SONY VAIO VGN-CS50B Win8.1搭載　&#9825;      
113,r53081181 ,1980.0,1980.0,0, ★SONY(ソニー) VAIO PCG-F50 液晶ケーブル 動作確認済      
114,k109083914 ,1680.0,1680.0,0, ★SONY(ソニー) VAIO PCG-FX33V/BP 液晶ケーブル 動作確認済      
115,k114598539 ,1680.0,1680.0,0, ★SONY (ソニー) VAIO PCG-F50 CPUFAN 動作確認済       
116,w100941845 ,4000.0,2500.0,9, SONY VAIO VGN-CS50B ジャンク　部品取り      
117,f72460238 ,1980.0,1980.0,0, ★SONY (ソニー) VAIO PCG-F50 インバーター 動作確認済      
118,b158372989 ,69005.0,100.0,65, Core i３◎VPCCA1AFJ-Bluray/８G/新500G/無線/HDMI/B'tooth/DtoD      
119,v354681399 ,31005.0,1.0,60, ▲訳あり▲SONY VAIO VPCCW28FJ/W Core i3▲A J161167      
120,r113337391 ,1460.0,1460.0,0, 【新品 送料140】SONY VAIO Type C VGN-CS CPU ファン おまけ付      
121,f139075133 ,29500.0,2000.0,19, 美品　SONY VAIO VGN-CS90NS　　Win8.1導入　完動品      
122,o35930332 ,5500.0,5500.0,0, SONY　VGN-FJ11B/W　CEL　M　370　ノートブック      
123,l124942210 ,1800.0,1800.0,0, ★高速 VAIO type F FZ VGN-FZ91 FZ91S対応メモリ PC5300 1GB★      
124,r113282435 ,1980.0,1980.0,0, Vaio VPC-EA、VPC-EB用 CPUファン UDQFRZH14CF0 新品 メール便       
125,x321755884 ,2280.0,2280.0,0, ■新品■NEC LL750/BS インバーター PK07009G00 ，T51I090.00      
126,j242322634 ,15800.0,15800.0,0, DVDRW♪高速Ｃｏｒｅ2-2.4G♪/SONY VAIOノート/VGN-BX4AAPS/N450      
127,l174123857 ,1800.0,1800.0,0, 高速 VAIO type U VGN-UX92NS VGN-UX72対応メモリ PC2-5300 1GB      
128,w95180452 ,1499.0,1499.0,0, 新春特価プロダクトキー解析変更Windows 8/7他Office2010対応PRO      
129,v300814491 ,2000.0,2000.0,0, 【SONY純正】VGN-A、VGN-K、PCG-GRT55F/B対応用AC 19.5V/6.15A      
130,r113243260 ,15500.0,12980.0,5, ワインレッドのVaio VGN-CR60B core2duo 2.2GHz、すぐ使えます*      
131,n129865469 ,5000.0,5000.0,1, 【中古美品】VGN-FJ92S HDD100GB リカバリ領域あり      
132,x257067099 ,2280.0,2280.0,0, ■新品■NEC LL750/BS インバーター PK07009G00 ，T51I090.00      
133,182843319 ,100.0,100.0,0, [中古] PCG-R505用キーボード/KFRLBA033A      
134,x338048777 ,500.0,500.0,0, PCG-Z1/P Z1X/P Z1V/P Z1R/P Z1VE Z1XE/B用無線Lan/Z1P-wlan 
135,n129822103 ,55200.0,1.0,60, VAIO SVE14A1AJ★Core i5 2450M/500GB/4GB/HDMI/Win7/Office2010      
136,h178145671 ,3980.0,3980.0,0, B06 新品 SONY VAIO PCGA-BP71 4400mAh 互換バッテリー      
137,p399115575 ,16500.0,15000.0,2, ★SONY VAIO VGN-CS52JB/W Vista/Core2Duo P8600 ジャンク      
138,k170955420 ,2000.0,2000.0,0, 14型　液晶モニター★SVE14AFJW/SVE19FJW/SVE14A1AJ      
139,p388132788 ,2280.0,2280.0,0, ■新品■NEC LaVie LL750/BS6B　PC-LL750BS6B 用 インバーター      
140,183361647 ,39284.0,36784.0,6, MB_Z6031313A SONY VAIO VPCEH28FJ i5-2430M 4GB ◇動作確認済◇      
141,l229860314 ,65800.0,65800.0,0, 0463 SVE14A1AJ Core i5 3320M 2.60GHz 4GB 500GB DVDSマルチ      
142,k143136426 ,2380.0,2380.0,0, SONYノート対応2GB PC3-1333 204Pin[VAIOシリーズ]即決 相性保証      
143,d148694352 ,3000.0,3000.0,0, 送料無料★VAIO VPCEG2AJ（Windows7 Home)のリカバリーディスク      
144,g131398180 ,6900.0,6900.0,0, 新品★★　SONY　VPCEA2AFJ ノートパソコン用　液晶パネル      
145,d154187193 ,79800.0,77800.0,1, 【新品】SONY　VAIO Fit 14 SVF14A19CJS タッチパネル      
146,g136737551 ,2500.0,2500.0,0, 新品 HP Pavilion DV7-2100 DV7-3000 DV7-2000 日本語キーボード      
147,b155666250 ,2780.0,2780.0,1, SONY(ソニー) VAIO PCG-Z1/P      
148,183313779 ,5400.0,5400.0,0, SONY VAIO VGN-FJ22B Windows XP リカバリ済      
149,w100072715 ,7000.0,7000.0,1, ★新品★ SONY Vaio PCG Series PCG-61311N 用　液晶パネル      
150,n134005404 ,2998.0,2998.0,0, MB_P6022603M7 SONY VAIO VGN-AR50B CoreDuo T2300      
151,h187558355 ,98800.0,98800.0,1, ●新同税込●タッチパネル/Win8/Office2013/4GB/1TB/14型フルHD      
152,p247247159 ,1000.0,1000.0,0, 【T00035】 SONY VAIO ノートパソコン VGN-FJ12B 無線ランカード      
153,n127945747 ,7000.0,7000.0,0, Sony PCG-GR5F PenⅢ１G DVD/CD-RW美品　完動即使用可能      
154,k176590315 ,7800.0,7800.0,1, ◆SONY純正◆おしゃれなVAIOパソコンキャリングケース◆VGP-CKC3      
155,e144047029 ,1000.0,1000.0,0, 新品 SONY VAIO VGP-KBV6/LI キーボードウエア ライトブルー      
156,w99247034 ,6700.0,6700.0,0, 即日発送 SONY VAIO・ソニー VPCCA1AGJ 液晶パネル_1600*900      
157,t369888389 ,138000.0,138000.0,0, SVE14A3AJ Corei7 3632QM 2.2G/SSD512G/16G/BDXL/Win8PRO/Office      
158,r73825280 ,1980.0,1980.0,0, SONY純正品 PC2100 200Pin 512MB [PCGA-MM512D]相性保証 即決      
159,k175908329 ,7000.0,7000.0,0, 即日発送 SONY VAIO・ソニー VPCCA4AJ 液晶パネル 1600*900      
160,d152021690 ,3605.0,1000.0,12, VGN-FJ10B Cel1.4GHz 256MB 60GB office2007 HDDリカバリ済      
161,139355526 ,1980.0,1980.0,0, SONY純正メモリー512MB PC2700 200Pin[VGP-MM512G]相性保証 即決      
162,w98393494 ,6800.0,6800.0,0, 新品★★ SONY VAIO・ソニー VPCCA3AJ 液晶パネル 1600*900      
163,l229860398 ,99800.0,99800.0,0, 0141 SVS13A2AJ Core i7 2.90GHz 4GB SSD 128GB Sマルチ Win8      
164,w99248038 ,6200.0,6200.0,0, 即日発送 新品 SONY VAIO・ソニー VPCCA3AJ 液晶パネル 1600*900      
165,b156012776 ,1380.0,1380.0,1, SONY VAIO バッテリー VGP-BPS2A      
166,t369888387 ,108000.0,108000.0,1, 美品■SVT1412AJ Corei7 3537U 2.0GHz/SSD512G/8G/BDXL/Win8PRO      
167,d151713836 ,7600.0,7600.0,0, ★新品★　SONY　VPCEA45FJ　14インチ型　液晶　      
168,d150666430 ,2480.0,2480.0,0, Z117★VPCEA3AFJ用パームレスト・ケース/白      
169,w97700689 ,3780.0,3780.0,0, Z123★VPCEシリーズ用純正バッテリー VGP-BPS22 2時間23分★      
170,w97418388 ,12800.0,12800.0,0, Z118★ VPCEA3AFJ用　マザーボード★MBX-223      
171,r107766773 ,1980.0,1980.0,0, Y933★VPCCW28FJ用 DVDマルチドライブ ピンクベゼル マウンタ     
172,w91745820 ,300.0,300.0,0, SONY VAIO VGP-SP2 PC用 スピーカー 中古 ジャンク扱 MZ2485      
173,178047260 ,1980.0,1980.0,0, SONY VAIO VGN-FJ90S用 14.1インチ液晶 光沢      
174,q19121821 ,3000.0,3000.0,0, ★ソニー★ VAIO PCG-9H1N (PCG-FR33) ★ジャンク★      
175,m118840765 ,480.0,480.0,0, Y946★VGN-SR用 キーボードカバー★シルバー      
176,d133352661 ,1300.0,1300.0,0, 10/12/13/14/15/17インチ インナーケース 手提げカバン バッグ2      
177,177424142 ,1980.0,1980.0,0, Z119★VPCEA3AFJ用 CPUファン★VPCEA      
178,d150806710 ,2980.0,2980.0,0, Z120★VPCEA3AFJ用 DVDマルチドライブ ベゼル マウンタ付属     
179,u64285655 ,1980.0,1980.0,1, ☆SONY　VAIO　VGN-CR　シリーズ用　キーボード[571]      
180,174761906 ,7000.0,7000.0,0, Sony PCG-FX33V リカバリ美品 DVD/CD-RW完動即使用可能      
181,n107795779 ,800.0,800.0,0, 【 VAIO VPCCW1AFJ ブルートゥースユニット 】 アンテナ付属      
182,n99192008 ,980.0,980.0,0, SONYノートPC VGN-CR92NS等用 電源スイッチ基板 2週間保証！      
183,k173058495 ,6300.0,6300.0,0, 新品 Sony VAIO PCG-61211T PCG-61212T PCG-61311M　液晶パネル      
184,d116203631 ,480.0,480.0,0, yu★SONY VAIO★PCG-F76/BP★液晶インバータ★      
185,w59820287 ,380.0,380.0,0, yu★SONY VAIO★PCG-F76/BP★液晶コードコネクタ★      
186,f95771546 ,400.0,400.0,0, yu★SONY VAIO★PCG-F76/BP★液晶ヒンジ★      
187,g94907112 ,500.0,500.0,0, yu★SONY VAIO★PCG-F76/BP★内臓スピーカー★      
188,t291752602 ,1980.0,1980.0,0, ■格安HDD交換■ハードディスク交換/データ移行/パソコン修理      
189,175265994 ,1300.0,1300.0,0, 新春特価★アルティメット究極ユーティリティWindows8 7多種対応     
190,e146454687 ,900.0,900.0,0, 新春特価プロダクトキー解析変更認証Windows7/8他Office2013対応      
191,n135374008 ,300.0,300.0,0, リカバリCD ■SONY VAIO PCG-GR_F/BPシリーズ用■5枚組      
192,x341072141 ,5750.0,1100.0,27, SONY VAIO VGN-CR51B Celeron 540 ノート ジャンク N7860      
193,f133353908 ,6800.0,6800.0,0, SONY VAIO Z PCG-Z1R/P PM-1.5GHz/512MB/60GB 14.1型1400*1050      
194,h186322077 ,1900.0,1900.0,0, 新品SONY VPC-EE シリーズ　LED 液晶ケーブル　DD0HK1LC040      
195,g134376801 ,3000.0,3000.0,0, 送料無料★VAIO VPCEK23FJ（Windows7 Home)のリカバリーディスク      
196,h185852771 ,2500.0,2500.0,0, VAIO PCGA-BP2V SONY純正バッテリー・動作品・PCG-Z1VEなど      
197,u55682817 ,300.0,300.0,0, ★ELECOM キーボード防塵カバー♪SONY VAIO typeC シリーズ用      
198,k171079760 ,3500.0,1000.0,15, SONY VAIO PCG-Z1VE メモリ768MB HDD40GB 14.1型 SXGA+      
199,n133717468 ,3000.0,3000.0,0, 送料無料★VAIO VPCEA2AFJ（Windows7 Home)のリカバリーディスク      
200,v339817672 ,7980.0,7980.0,0, SONY VGN-&#8203;CS72JB/W VGN-CS60B/61B 日本語キーボード      
201,j287796505 ,3480.0,3480.0,0, ■新品■sony VPC CシリーズVPCCW 用キーボード      
202,n106715608 ,980.0,980.0,0, 【分解修理マニュアル】 VAIO PCG-VX9/P PCG-VX7/BD ■解体■      
203,v339817682 ,8980.0,8980.0,0, 国内即納SONY vaio VPC-EA シリーズ 日本語キーボード      
204,w40754893 ,150.0,150.0,0, ★★ SONY VGN-B90(typeB)用 外部映像出力端子用基盤 ■端子■      
205,d95626288 ,150.0,150.0,0, ★★ SONY VGN-B90(typeB)用 ヒンジ用金具 ■固定具/回転■      
206,u11059120 ,200.0,200.0,0, ★★ VAIO PCG-FR用 PC カード・スロット ■14インチ■      
207,h167069714 ,2500.0,2500.0,0, 【分解修理マニュアル】 VAIO PCG-XR 9Z/7Z/1Z/9F/7F/9 ★仕組★      
208,h126196748 ,2500.0,2500.0,0, 【分解修理マニュアル】 VAIO PCG-F36/F37 F50/F60/F70/F75系 ★      
209,k166661100 ,1200.0,1200.0,1, 【未使用品】 SONY type F light専用のポートリプリケーター      
210,h49653065 ,200.0,200.0,0, ★★ VAIO PCG-FR用 モデム・カード ■14インチ■      
211,w7265771 ,200.0,200.0,0, ★★ VAIO VGN-FJ90S(typeF light)用 スロット用シャッター ■■      
212,n125758208 ,2500.0,2500.0,0, 【分解修理マニュアル】 VAIO PCG-Z1 X/XE/V/VE/VT/R/P ★仕組★      
213,u10722935 ,150.0,150.0,0, ★★ VAIO PCG-GR用 LED/液晶開閉スイッチ基盤 ■基盤■      
214,b140525947 ,2500.0,2500.0,0, 【分解修理マニュアル】 VAIO VGN-FJ11/FJ12/FJ21/FJ22 typeF ★      
215,q17943065 ,9800.0,9800.0,0, 新品 sony VGN-&#8203;CR72B/W 用マザーボード MBX-177      
216,v339817376 ,7980.0,7980.0,0, SONY VPC CシリーズVPCCW 用日本語キーボード      
217,q17943063 ,9800.0,9800.0,0, 新品 sony VGN-&#8203;FJ22B/R 用マザーボード　MBX-145      
218,j290978605 ,2485.0,2485.0,0, DDR新品1GB/pc2700/Sony PCG-GRs50 Z1Xe NV99E GRX72 FR55  
219,n111482923 ,350.0,350.0,0, SONY■ PCG XR100E/K ■リカバリＣＤ メール便可＠      
220,g132324242 ,100.0,100.0,1, 即決【 Windows Vista BASIC 】エンブレムシール62 同梱追加OK      
221,d148631720 ,900.0,900.0,0, 新春特価★Windows 8/7/XP/Vista高速化■遅いPCも驚速より高速に      
222,m112100072 ,2200.0,2200.0,0, SONY VAIO FR33/B 等用　インバーター      
223,u55135408 ,2200.0,2200.0,0, SONY VAIO FR33/B 等用　液晶部インバーター %      
224,u55135420 ,2200.0,2200.0,0, SONY VAIO FR33/B 等用　液晶部インバーター &      
225,w90349127 ,1500.0,1500.0,0, SONY VAIO FR33/B 等用　液晶部ケーブル %      
226,f126302888 ,1500.0,1500.0,0, SONY VAIO FR33/B 等用　液晶部ケーブル      
227,d144705862 ,1500.0,1500.0,0, SONY VAIO FR33/B 等用　液晶部ケーブル &      
228,j290978603 ,2485.0,2485.0,0, DDR新品1GB/pc2700/Sony PCG-GRT70V GRs55 NV55E GRs900 FX77E  
229,r96641561 ,1000.0,1000.0,0, SONY VAIO VGN-SZ90PS 等用 DCジャック部      
230,114238984 ,700.0,700.0,0, SONY VAIO FX11J 等用　液晶用ケーブル      
231,n118768498 ,1800.0,1800.0,0, SONY VAIO VGN-SZ90PS 等用 パームレスト      
232,t291752618 ,1980.0,1980.0,0, ■格安HDD交換■ハードディスク交換/データ移行/パソコン修理      
233,r94212254 ,1680.0,1680.0,0, VAIO PCG-XR_E Series リカバリディスク      
234,e95249690 ,700.0,700.0,0, SONY Vaio Z1/P 等用　ヒンジカバー      
235,k111943013 ,700.0,700.0,0, SONY VAIO FX11J 等用　スイッチパネル      
236,g73959851 ,500.0,500.0,0, SONY VAIO FX11J 等用　ヒンジカバー      
237,g73960167 ,700.0,700.0,0, SONY VAIO FX11J 等用　FDドライブ      
238,g75508289 ,1800.0,1800.0,0, SONY VAIO GR3N/BP 等用　ヒートシンクファン　＃      
239,d91821099 ,1800.0,1800.0,0, SONY VAIO GR3N/BP 等用 　ヒートシンクファン      
240,b106648253 ,700.0,700.0,0, SONY Vaio Z1/P 等用　外部ディスプレイコネクター      
241,m102842677 ,3000.0,3000.0,0, ☆VGN-BX90PS★リカバリ★パソコン修理 ディスク交換 リカバリー      
242,f113680781 ,3000.0,3000.0,0, ☆VGN-B90PSY★リカバリ★パソコン修理 ディスク交換 リカバリー      
243,152699704 ,3000.0,3000.0,0, ☆VGN-B90PS ★リカバリ★パソコン修理 ディスク交換 リカバリー      
244,p388132784 ,2280.0,2280.0,0, ■新品■NEC LaVie LL750/BS6R　PC-LL750BS6R インバーター      
245,l222039087 ,1280.0,1280.0,0, Sony VAIO F FW90NS・FW90S・FW90HS FW30B/50B/70用キーボード     
246,s385267195 ,1380.0,1380.0,0, 新品■Sony バイオ type F VGN-FZ　キーボード 白　V070978AJ1      
247,l228689008 ,1480.0,1480.0,0, 新品■Sony バイオ type F VGN-FZ　キーボード 白　V070978AJ1      
248,p359977304 ,4380.0,4380.0,0, ■新品■SONY VGC-LA73B LS20E LS21N 1-443-889-11 インバータ      
249,l202163874 ,1480.0,1480.0,1, 新品■VGN-FZ31B VGN-FZ32B VGN-FZ51B 日本語キーボード 白      
250,j288848813 ,1980.0,1980.0,0, ■新品■ NEC LL550 LL750/BS インバーター PK07009G00      
251,m116030982 ,900.0,900.0,1, 新春特価プロダクトキー解析変更認証Windows7/8他Office2013対応      
252,f133678104 ,16500.0,16500.0,1, ★☆液晶キレイ！VGN-FJ11B/CM370/1024M/120G/DVDSマルチ☆★      
253,f118944653 ,1980.0,1980.0,0, ■SONY VAIO VGN-CR用　CPUファン _UDQFLZR02FQU      
254,f122713738 ,2380.0,2380.0,0, ■SONY Vaio VGN-CS系用冷却ファンUDQF2JR03CQU（DC5V 0.12A)      
255,k171148772 ,16500.0,16500.0,0, ★☆VGN-FJ11B/CM370/1024M/120G/DVDSマルチ/WEBカメラ☆      
256,d150656061 ,1498.0,1498.0,0, 新春特価プロダクトキー解析変更Windows 8/7他Office2010対応PRO      
257,p399278027 ,3580.0,3580.0,0, 新品SONY VGN-SRシリーズ等用キーボード(148088312 黒）国内発送     
258,151622463 ,4980.0,4980.0,0, ★即決有!VAIO VGN-B90PS.B90PSY用リカバリCD★格安もあります      
259,b149270796 ,1500.0,1500.0,0, SONY VAIO リカバリ PCG-GR_F/BP PCG-GR_F XP HE 4枚組 D356      
260,m93914696 ,3480.0,3480.0,0, ★即決有!VAIO PCG-VX9/P用リカバリCD★格安もあります      
261,169428211 ,6980.0,6980.0,0, ☆修理パーツ☆SONY VAIO PCG-VX7/BD等TX36D72VC1FAA 液晶パネル      
262,e135638853 ,4980.0,4980.0,0, ☆修理パーツ☆SONY VAIO PCG-VX7/BD等 KU-03294V-0 インバータ      
263,k156845846 ,4980.0,4980.0,0, ☆修理パーツ☆SONYVAIO PCG-VX7/BD等 KU-03294V-0 インバータ(2      
264,u54179647 ,980.0,980.0,0, ■即決■VAIO PCG-GR5E/BP GR7E GR9E用リカバリCD■    
265,d143983459 ,480.0,480.0,0, ■即決■VAIO PCG-F70/BP用リカバリCD■      
266,t291752612 ,1980.0,1980.0,0, ■格安HDD交換■ハードディスク交換/データ移行/パソコン修理      
267,u45888666 ,980.0,980.0,0, ■即決■VAIO PCG-GR3N/BP用リカバリCD■      
268,d150628550 ,7800.0,7800.0,0, ●SONY純正新品リチャージャブルバッテリーパック（L）VGP-BPL12      
269,p214853732 ,690.0,690.0,0, 送料200円USB接続光学マウス白新品      
270,p214853730 ,690.0,690.0,0, 送料200円USB接続光学マウス白新品      
271,v284043187 ,2890.0,2890.0,0, 送料390円薄型最高速UJDA360新品バルク      
272,c359811578 ,2890.0,2890.0,0, 送料390円薄型最高速UJDA360新品バルク      
273,w101137126 ,75900.0,75900.0,1, 新品 SONY VAIO Fit 15E SVF15317DJW 4GB/1TB/15.5型 Office付き      
274,g133046429 ,10000.0,10000.0,0, ジャンク VAIO VGN-CR62B ピンク 本体のみ(HDD無) 通電有      
275,w99724970 ,1460.0,1460.0,0, 【新品 送料140】SONY VAIO Type C VGN-CS CPU ファン おまけ付      
276,w99724894 ,1460.0,1460.0,1, 【新品 送料140】SONY VAIO Type C VGN-CS CPU ファン おまけ付      
277,c359811582 ,2890.0,2890.0,0, 送料390円薄型最高速UJDA360新品バルク      
278,x264889565 ,2890.0,2890.0,0, 送料390円薄型最高速UJDA360新品バルク      
279,c408363102 ,640.0,640.0,0, 送料200円PS/2接続スクロール光学マウス黒新品      
280,j267395295 ,640.0,640.0,0, 送料200円PS/2接続スクロール光学マウス黒新品      
281,183330737 ,1.0,1.0,1, ＠格安！今でも人気コンボ搭載VAIOジャンク即決送料込み♪      
282,v333146691 ,640.0,640.0,0, 送料200円PS/2接続スクロール光学マウス黒新品      
283,j201036560 ,2890.0,2890.0,0, 送料390円薄型最高速UJDA360新品バルク      
284,x264889561 ,2890.0,2890.0,0, 送料390円薄型最高速UJDA360新品バルク      
285,o36393639 ,5100.0,5100.0,0, ★新品★SONY VGP-BPL18 BPS18対応バッテリー4400mAh      
286,o36393627 ,4200.0,4200.0,0, ★新品★SONY VGP-BPL5 BPL5A BPS5 BPS5A対応バッテリー6600mAh      
287,j201036562 ,2890.0,2890.0,0, 送料390円薄型最高速UJDA360新品バルク      
288,v284043185 ,2890.0,2890.0,0, 送料390円薄型最高速UJDA360新品バルク      
289,178008402 ,800.0,800.0,0, SONY VAIO 14型 EGシリーズ 天板 部品のみ 展示用 ピンク 未使用      
290,o36393621 ,5000.0,5000.0,0, ★新品★SONY VGP-BPS26A BPS26 BPL26対応バッテリー4400mAh      
291,o36393629 ,4000.0,4000.0,0, ★新品★SONY VGP-BPS2C VGP-BPL2A/S BPS2A/S対応バッテリー      
292,o36393643 ,5000.0,5000.0,0, ★新品★SONY VPC-CW VGP-BPL13 BPS13対応バッテリー4400mAh      
293,o36393641 ,5000.0,5000.0,0, ★新品★SONY VGP-BPS13B BPS13/Q BPS13A対応バッテリー4400mAh      
294,o36393633 ,5000.0,5000.0,0, ★新品★SONY VGP-BPS22 EB13 EB15対応バッテリー4400mAh      
295,o36393631 ,4800.0,4800.0,0, ★新品★Sony BPS2 VGP-BPS2A VGP-BPL2/BPL2C対応バッテリー      
296,g130123182 ,1000.0,1000.0,0, ◎ジャンク品◎VAIO typeE等日本語キーボード_MP-09L20J0-886⑥      
297,h183231780 ,5500.0,5000.0,1, ■新品同様・SONY VAIO VGN-FW73JGB用リカバリディスク■      
298,n131284466 ,5000.0,5000.0,0, ■新品同様・SONY VAIO VPCEA1AFJ用リカバリディスク■      
299,e141759350 ,7000.0,7000.0,1, ■新品同様・SONY VAIO VPCF22AJ用リカバリディスク■      
300,f135226447 ,4900.0,4900.0,0, 『SONY VAIO VPC EL15FJ ・純正品リカバリディスク/美品』      
301,v287919256 ,11500.0,11500.0,0, ■新品■SONY VPCCB 19FJ　29FJ 38FJ 49FJ　48FJ 液晶パネル      
302,l185022877 ,1280.0,1280.0,0, ■新品■SONY VAIO VPCCA1 CA2 CA3 VPCCA18EC用HDDアダプター      
303,v354887441 ,17505.0,15000.0,3, SONY VGN-NS51B/P/Core2Duo2.4GHz/320G/Sマルチ/15WideTFT/OS無      
304,k171125544 ,9500.0,9500.0,0, 新品 SONY VAIO type F FZ VGN-FZ90NS 液晶パネル      
305,t314009217 ,1595.0,1595.0,0, 新品1GB/DDR2-667/PC5300/SONY VGN-FT50 FT51 FT91 FT93 VGN-N51  
306,w101140587 ,29500.0,1.0,36, ☆中古美品☆SONY VGN-FW71DBW☆Core2Duo P8400☆      
307,f131739832 ,4980.0,4980.0,1, ●SONY純正品VAIO Eシリーズ用バッテリーパック(S) VGP-BPS22      
308,k163619366 ,980.0,980.0,0, SONY VAIO C/E/Fシリーズ キーボードウエア VGP-KBV3/D      
309,w100006647 ,1460.0,1460.0,0, 【新品☆送料140】SONY VGN-SZ用 CPU ファン MCF-523PAM05      
310,k176079445 ,1460.0,1460.0,0, 【新品】SONY VAIO C VPC-CW CPU ファン 定形外＆おまけ付      
311,b121136824 ,700.0,700.0,0, 3483カタログ*ソニー*パソコン・バイオ・2010.2発行31P      
312,d151130449 ,6000.0,6000.0,0, ■VAIO VGN-FW93JS リカバリディスク・新品同様■      
313,b155845398 ,12505.0,100.0,29, SONY VAIO VGN-FZ61B Core2Duo T7250 2.0GHz ジャンク      
314,m112437626 ,1328.0,1328.0,0, 3N0901★ソニー・バイオシリーズ16v19.5v共用ACアダプ      
315,w100621296 ,7800.0,7800.0,0, SONY VAIO　SVF1521BBJ　 リカバリーディスク      
316,s376412022 ,15500.0,4000.0,18, ★VAIO VPCEE34FJ：AMD 2.2GHz 2GB 320GB 15.5★ジャンク   
317,j290978591 ,2485.0,2485.0,0, DDR新品1GB/pc2700/Sony VGN-Y70p K31B FS70B E91B A61B E70B 
318,u64728568 ,1280.0,1270.0,1, 新品■SONY VAIO C・F・Eシリーズ用キーボードウエア VGP-KBV3/G      
319,h186797526 ,1100.0,1100.0,1, 【国内発送☆おまけ付】SONY VGN-CS CPU ファン MCF-C29BM05      
320,h186984507 ,1200.0,1200.0,0, 【新品☆おまけ付】SONY VGN-CS CPU ファン MCF-C29BM05      
321,w62799981 ,700.0,700.0,0, 3484カタログ*ソニー*パソコン・バイオ・2010.2発行31P      
322,m123687125 ,1460.0,1460.0,0, 【新品】SONY VAIO C VPC-CW CPU ファン 定形外＆おまけ付      
323,w100006513 ,1460.0,1460.0,0, 【新品☆送料140】SONY VGN-SZ用 CPU ファン MCF-523PAM05      
324,w99617876 ,1300.0,1300.0,0, 【新品☆送料140】SONY VAIO type S VGN-SZ用 CPU ファン おまけ      
325,m119205888 ,1300.0,1300.0,0, 【新品☆おまけ付】SONY VGN-SZ 用 CPU 冷却ファン      
326,d153819845 ,1300.0,1300.0,0, 【新品☆送料140】SONY VAIO type S VGN-SZ用 CPU ファン おまけ      
327,r99270260 ,800.0,800.0,0, SONY VAIO PCG-FR55J/B HDDマウンタ + コネクタ + ねじ      
328,w98373390 ,6000.0,6000.0,1, SONY VGN-E71B CelM-1.4GHz/512MB/80GBWinXPリカバリあり      
329,b158176715 ,9800.0,9800.0,0, ソニー バイオ SONY VAIO PCG-GR9E UXGA（1600×1200）対応15型      
330,l228428918 ,64800.0,64800.0,0, b702 SONY VAIO Fit 15E SVF15217CJB [ブラック] 在庫/2      
331,e148666431 ,3380.0,3380.0,0, ☆SONY VAIO type NR用日本語キーボード _V072078AJ2_白      
332,w100911521 ,15259.0,500.0,15, 中古！Sony PCG-3A1N      
333,h186829043 ,146.0,146.0,1, [PC008M]小型BlutoothUSB2.0アダプタノートPCWin7対応2656同梱送      
334,f132980202 ,146.0,146.0,1, [PC008M]小型BlutoothUSB2.0アダプタノートPCWin7対応2658同梱送      
335,n135381084 ,80000.0,80000.0,0, VAIO 　SVF15327EJB      
336,j290978589 ,2485.0,2485.0,0, DDR新品1GB/pc2700/Sony VGN-Y90Ps K50B Fs71B E51B A70p E71B 
337,r105835410 ,3380.0,3380.0,0, ☆SONY VAIO VPCEE等用日本語キーボード _V116646B_白      
338,n126611743 ,2780.0,2780.0,0, ☆VAIO typeE 等用日本語キーボード_MP-09L20J0-886 _黒      
339,m124092451 ,80000.0,1.0,41, ■極上美品■SONY■VAIO■Fit15ESVF15317DJW■4GB■1TB■Office      
340,c328754893 ,985.0,985.0,0, 新品512mb/DDR2/PC5300/SONY VGN-FT53 FT73 VGN-FE20 FS92FS33   
341,p240052497 ,500.0,500.0,0, NV77M/BP NV55/BP NV95EN NV90用純正CD-RW/DVD DRIVE/nv55bpdvd   
342,u64639700 ,138.0,138.0,1, [PC008M]小型BlutoothUSB2.0アダプタノートPCWin7対応2658同梱送      
343,p234502106 ,100.0,100.0,0, VGN-FS31B FS53B FS33B FS23 FS51B FE33用タッチパッド/FS31B-tb 
344,k176432929 ,2980.0,2980.0,0, ☆VGN type N [NWシリーズ] 用日本語キーボード 148-737-911(白      
345,m119418606 ,16100.0,1000.0,30, SONY VAIO typeF VGN-FZ61B      
346,b157744597 ,35000.0,33000.0,1, 新品同様 PC SONY VAIO type N VGN-N50HB windows Vistaホワイト      
347,h185501258 ,2800.0,2800.0,0, PCG-71C11L PCG-71C11N PCG-71711L PCG-71B11N キーボード 黒US      
348,k169353654 ,2500.0,2500.0,0, SONY　VAIO　VGN-FW73JGB　リカバリディスク作成代行      
349,w100645654 ,81000.0,70000.0,13, VAIO SE ソニーストアモデル（VPCSE1AJ）　新品同様　補償有      
350,k171245270 ,16600.0,1000.0,37, 部品取りジャンク★SONY VAIO Eseries VPCEB29FJ★Core i5 450M      
351,w101055957 ,54800.0,54800.0,0, SONY VAIO VPCF118FJ/W16.4型フルHD1920×1080/Core i5地デジW録      
352,160159594 ,980.0,980.0,0, NR51B NR71B NR52B NS51B NS52JB N51B用スピーカー/NR51B-spk 
353,t314009221 ,1595.0,1595.0,0, 新品1GB/DDR2-667/PC5300/SONY VGN-AR50 AR91 VGN-FE31 FS53   
354,c272472480 ,985.0,985.0,0, GR7F、GR9F/P（推測）用15型液晶（SXGA)用ケーブル　gr7flcdcab      
355,d135946579 ,980.0,980.0,0, NR51B NR71B NR52B NS51B NS52JB用液晶ケーブル/NR51B-cab  
356,s388297707 ,21000.0,10000.0,11, SONY PCG-7184N (VGN-NW71FB-N) Core2 2.53G/Win7 現状中古品      
357,j142730815 ,585.0,585.0,0, VGN-FS53B FS20 FS33B FS23B FS92 FE33用電源カバー/FS21B-pbc 
358,e96409705 ,998.0,998.0,0, VGN-FE31B FE51B FE21 FE91P FE53修理ファンカバー/FE31B-fanc2  
359,f139117285 ,5250.0,3000.0,11, SONY(ソニー) VAIO WindowsXP〈VGN-AS34B〉ノートパソコン      
360,s213638966 ,585.0,585.0,0, PCG-NV55E/B NV99E/B NV90E NV99M/BP用HD固定カバー/nv55hds   
361,l196689461 ,1975.0,1975.0,0, 新品512MBメモリ/144Pin/PCG-FX77Z FX11J FX55J FX55Z GR7 GR5 
362,b157964869 ,4500.0,4500.0,1, 【VGNーBX4KANB】画面割れ+ドッキングステーション付！      
363,c303440549 ,685.0,685.0,0, FS53B FS20 FS33B FS23B FS92 FE33用SDボード/FS51B-sd 
364,f139100061 ,57500.0,57500.0,0, ■中古美品■VAIO-VPCEH2AJ（白）      
365,l105867454 ,585.0,585.0,0, VGN-E50B E70B E71B E51B E81B E91B E72B用USB端子/e50b-usb
366,t314009227 ,1595.0,1595.0,0, 新品1GB/DDR2-667/PC5300/SONY VGN-AS53 AS54 AR71 AR70 FS32  
367,c328754897 ,985.0,985.0,0, 新品512mb/DDR2/PC5300/SONY VGN-FT50 FT51 FT91 FT93 VGN-N51  
368,c272487752 ,585.0,585.0,0, PCG-GRZ77/B GRV99G/P GRV88G GRS55用バッテリカバー/grz77btc   
369,c328754885 ,985.0,985.0,0, 新品512mb/DDR2-667/PC5300/SONY VGN-AR510 AR82 VGN-FE51 FS22   
370,d154027111 ,2200.0,1.0,13, ジャンク2台セット　　SONY　VAIO　VGN-E92B　・　VGN-K30B       
371,t218950853 ,585.0,585.0,0, VGN-FS31B FS53B FS33B FS23 FE33 FE53用Lanコネクタ/FS31B-lcon 
372,c303440141 ,685.0,685.0,0, VGN-FS53B FS20 FS92 FE33 FE53修理用LANコネクター/FS53B-lcon  
373,t314009215 ,1595.0,1595.0,0, 新品1GB/DDR2-667/PC5300/SONY VGN-FT31 FT32 FT73 FT90 VGN-N50  
374,u58302596 ,2000.0,2000.0,0, 翌日発送 SONY VPC-F11 VPC-F12 VPC-F13等用 日本語 キーボード    
375,t218950855 ,585.0,585.0,0, VGN-FS31B FS53B FS33B FS23 FE33 FE53用電源部カバー/FS31B-pbc 
376,c335858048 ,1975.0,1975.0,0, 新品512MBメモリ/144Pin/PCG-FX11J FX55J FX55Z FX77Z GR9 GR3 
377,c303440147 ,685.0,685.0,0, VGN-FS53B FS20 FS92 FE33 FE53用SDカード/FS53B-sd  
378,n129726209 ,70500.0,39800.0,24, ソニー15型液晶/VAIO/PCG-71311N/ブルー■Core i5/Blu-ray/美品      
379,c295404507 ,500.0,500.0,0, VGN-E50B E70B E71B E51B E81B E91B E72B用FDD/e50b-fdd
380,c328754875 ,985.0,985.0,0, 新品512mb/DDR2-667/PC5300/SONY VGN-AS53 AS54 AR71 AR70 FS32  
381,c328754881 ,985.0,985.0,0, 新品512mb/DDR2-667/PC5300/SONY VGN-AR52 AR91 AR70 AS33 FE90  
382,t314009219 ,1595.0,1595.0,0, 新品1GB/DDR2-667/PC5300/SONY VGN-FT53 FT73 VGN-FE20 FS92FS33   
383,c303440551 ,685.0,685.0,0, FS53B FS20 FS33B FS23B FS92 FE33用カバー/FS51B-c2 
384,s213638964 ,785.0,785.0,0, PCG-NV55E/B NV99E/B NV90E NV99M/BP NV90用CPUファン/nv55fan  
385,t360129656 ,2300.0,2300.0,0, SONY FE FS FW FZ シリーズ 用液晶インバーター HBL-0365 @2      
386,t291752592 ,1980.0,1980.0,0, ■格安HDD交換■ハードディスク交換/データ移行/パソコン修理      
387,m113775344 ,1980.0,1980.0,0, ★★VAIO純正ACアダプターPCGA-AC19V3/FR NV PCG-GRXシリーズ用      
388,e140126462 ,1980.0,1980.0,0, ★★VAIO純正ACアダプターPCGA-AC19V3　FR NV PCG-GRXシリーズ用      
389,d151777254 ,6000.0,6000.0,0, SONY VAIO 原版 VPCF247FJ/248FJ/249FJ リカバリーディスク      
390,g137877925 ,18000.0,18000.0,1, VAIO VGN-NR51B/ 1GB/ 160GB/ Vista/リカバリ済/Office2003      
391,t360129652 ,1700.0,1700.0,0, TW9394V-0 V21 SONY FE550FM_FE550G 用液晶インバーター      
392,m122753435 ,400.0,400.0,0, 【新品】キーボード防塵カバー PKB-VAF6 ELECOM ソニー VAIO F      
393,g137871899 ,18990.0,18990.0,0, 048☆ SONY VAIO VGN-FZ52B2 C2D@2.2GHz DRAM:2G HDD:80G Win7済      
394,d150816376 ,5000.0,5000.0,0, SONY VAIO 原版 VPCZ22AJ リカバリーディスク      
395,e124687349 ,500.0,500.0,0, SONY VAIO GRX52G/BP ＣＰＵファン(UDQFYZH08-S0)+ヒートシンク      
396,d146407576 ,2850.0,2850.0,0, VAIO VGN-FE32B/W CelM430 1.7GHz下半身(本体)動作確認(3102462      
397,m118571086 ,3500.0,3500.0,1, SONY VAIO Cタイプ VPCC/VPCE/SVE対応 VGP-BPS26バッテリー10.8v      
398,d153819361 ,1200.0,1200.0,0, 【新品☆定形外140円】SONY VGN-CS CPU ファン MCF-C29BM05      
399,m119205268 ,1200.0,1200.0,0, 【国内発送☆おまけ付】SONY VGN-CS CPU ファン MCF-C29BM05      
400,w100327615 ,1200.0,1200.0,0, 【新品☆アルミシール付】SONY VGN-CS CPU ファン MCF-C29BM05      
401,f139330289 ,19800.0,19800.0,1, おしゃれなホワイト♪ VGN-NR50B Windows Vista搭載！      
402,g137727417 ,1180.0,1180.0,0, 【新品☆長期保証】SONY VGN-CS CPU ファン MCF-C29BM05 おまけ      
403,g132138978 ,1100.0,1100.0,0, 【長期保証☆おまけ付】SONY VGN-CS CPU ファン MCF-C29BM05      
404,g134384315 ,10800.0,10800.0,0, 未使用 ソニー 純正リチャージャブルバッテリーパック VGP-BPS24      
405,w101085974 ,9000.0,9000.0,1, ☆便利☆TV機能付き☆ソニー☆VAIO☆PC☆ノートブック☆      
406,h187427628 ,75000.0,1.0,97, SONY★VAIO★VPCEB48FJ★メモリ４GBHDD５００GB★1円スタート！      
407,w97106086 ,500.0,500.0,0, ＳＯＮＹ　フロッピーディスクドライブ　ＰＣＧＡ－ＵＦＤ５      
408,w101180885 ,21050.0,3000.0,23, SONY VAIO TV視聴VGN-FW71DBブルーレイ対応FullHD1080 vista      
409,b155882592 ,1180.0,1180.0,0, 【新品☆長期保証】SONY VGN-CS CPU ファン MCF-C29BM05 おまけ      
410,g138019221 ,22000.0,5000.0,16, SONY VAIO VGN-FZ50B メモリ4G増設 NVIDIA8400M office2007       
411,b157908371 ,66000.0,66000.0,0, ☆VPCEB17FJ/L Corei3/2.13GHz/500GB/Office2007美品☆      
412,k171130922 ,1100.0,1100.0,0, 【長期保証☆おまけ付】SONY VGN-CS CPU ファン MCF-C29BM05      
413,h187322050 ,1100.0,1100.0,1, 【長期保証☆おまけ付】SONY VGN-CS CPU ファン MCF-C29BM05      
414,h187403602 ,7000.0,7000.0,1, ジャンク　SONY　VAIO FS22B【BIOS確認出来ます！】      
415,w101102338 ,21000.0,10000.0,12, ☆ VPCEE25FJ Win7 Athl2-P320 スーパマルチ リカバリ品 ☆      
416,o36460548 ,64800.0,64800.0,0, 新品 　SONY(ソニー) VAIO Fit 15E SVF15317DJB      
417,d154083199 ,1300.0,1300.0,0, 【新品☆おまけ付】SONY VGN-SZ 用 CPU 冷却ファン      
418,w98571110 ,13357.0,13357.0,1, ☆SONY VAIO VGN-N50HB☆リカバリー内臓☆      
419,r111681329 ,2800.0,2800.0,0, ソニー　VAIO　PCG-FR55E/B　256MB　ジャンク      
420,s356232355 ,79800.0,79800.0,0, b705 SONY VAIO Fit 15E SVF15217CJB [ブラック] 在庫/1      
421,w100118348 ,800.0,800.0,0, 光興業 ノートタイプ エスエーアイ 光沢フラット SAIW-156LZ/FP      
422,t360129658 ,2600.0,2600.0,0, SONY VGN-FS31B VGN-FS23B 液晶インバーター D2032-B001-M1-1 @1      
423,w101236427 ,16259.0,1000.0,33, SonyVaio FZ92NS Core2Duo T7250 2.0GHz Mem2.5GB 80GB Vista      
424,k176411173 ,698.0,698.0,1, ★☆【新品】 VAIOキーボードウエア オレンジ VGP-KBV3☆★      
425,g132358078 ,698.0,698.0,0, ★☆【新品】 VAIOキーボードウエア バイオレット VGP-KBV3☆★      
426,m119423580 ,698.0,698.0,1, ★☆【新品】 VAIOキーボードウエア ピンク VGP-KBV3☆★      
427,b155847686 ,6000.0,6000.0,2, ■【新品】SONY　VGP-BPS24　VAIO純正　ノート用バッテリパック      
428,b99909785 ,980.0,980.0,0, VGN-FS21B FS31B FS51B FS71B修理用ファンカバー/FS21B-fanc   
429,m65430644 ,998.0,998.0,0, VGN-FE53B FE33B FE52B FE32B FE92用ファンカバー/FE53B-fanc  
430,t359954032 ,123800.0,123800.0,0, 爆安祭★SONY SVF15N18DJS [シルバー] ★開封品/Office/保証１年      
431,j186063963 ,8000.0,8000.0,0, SONY VAIO VGN-BX6AAPS■Cel-2.4/512/液晶割れなし/ジャンク#1      
432,f132588704 ,32800.0,32800.0,0, ■新品500GB HDD■富士通FMV Windows7_XP Office2007+リカバリ付      
433,k158280425 ,980.0,980.0,0, VGN-FE31B FE51B FE21 FE91P FE53B用液晶開閉ラッチ/FE31B-rc  
434,g80332046 ,500.0,500.0,0, PCG-FX系用　内蔵FDD　PCGA-FDF1　Used      
435,n121405763 ,998.0,998.0,0, VGN-FE31B FE51B FE21 FE91P修理用液晶メモリカバー/FE31B-mcov2   
436,d92911070 ,980.0,980.0,0, VGN-FS21B FS31B FS51B FS71B修理用ヒンジ/FS21B-hg   
437,v340767945 ,7400.0,7400.0,0, 即日発送 新品 SONY PCG-71712N (Vaio VPCCB) 液晶パネル      
438,r94815606 ,998.0,998.0,0, VGN-FS21B FS31B FS51B FS71B修理用液晶ケーブル/FS21B-cab   
439,c328754889 ,985.0,985.0,0, 新品512mb/DDR2-667/PC5300/SONY VGN-AR50 AR91 VGN-FE31 FS53   
440,f133823062 ,1980.0,1980.0,1,  即日発送 Sony Vaio VGN-FSシリーズ 日本語キーボード (黑)      
441,q8364746 ,1185.0,1185.0,0, DDR新品512MB/pc2700/Sony VGN-A71s FS30B K70B K71B FS50B V505 
442,q8364748 ,1185.0,1185.0,0, DDR新品512MB/pc2700/Sony VGN-Y90Ps K50B Fs71B E51B A70p E71B 
443,q8364752 ,1185.0,1185.0,0, DDR新品512MB/pc2700/Sony VGN-Y70p K31B FS70B E91B A61B E70B 
444,o6095878 ,2585.0,2585.0,0, 新品2GB/DDR2-667/PC5300/type F/VGN-FZ32B FZ52B FZ62B FZ92N   
445,s387975179 ,1700.0,1000.0,5, ★SONYソニー★VAIOノートパソコンPCG-791N XP対応モデル◆CEGC      
446,k158250487 ,980.0,980.0,0, NR51B NR71B NR52B NS51B NS52JB N51B用USB端子/NR51B-usb 
447,w100773214 ,2300.0,1000.0,10, R408▼SONY VAIO VGN-FS23B CelM 370 1.5GHz 80GB 1GB      
448,o36512514 ,124380.0,124380.0,0, 限定1台★SONY VAIO Fit 15A SVF15N17DJB ブラック/新品保証付      
449,f132757848 ,5800.0,5800.0,0, 新品◆SONY VPCEH19FJ LP156WH4(TL)(A1）液晶パネル◆      
450,t360393812 ,2850.0,2850.0,1, 3674■=ソニー■VPCEB17FJ用キーボード(148792811)      
451,h187466562 ,64500.0,29800.0,28, SONY VAIO VPCEB2AFJ Core-i5 Win7 中古動作品 オフィス2010有      
452,r97031440 ,1800.0,1800.0,0, ARGtek◆小型ハイパワー316mW 11n無線LAN USBアダプター(検gsky      
453,v354681409 ,35505.0,1.0,56, ▲中古▲SONY VAIO VPCEE47FJ▲B J164266      
454,w72324711 ,3480.0,3480.0,0, K02 SONY Vaio VGN-NRシリーズ 英語キーボード NSK-S6121      
455,x341072129 ,1650.0,1100.0,3, SONY VAIO PCG-FR77E/B Celeron 1.7GHz ノート ジャンク N7866      
456,g132578204 ,66000.0,65000.0,4, SONY VAIO VPCF14AFJ 8GB 500GB COREi7 blu-ray office2010      
457,b153354361 ,2980.0,2980.0,0, 【中古】SONY VAIO 液晶インバーター HBL-0365 / FW FS 2灯式      
458,v354268771 ,98000.0,98000.0,0, ◆中古 SONY VAIO Fit 15 SVF15A19CJB 15.5型ノートPCT886251∞      
459,t360393822 ,8122.0,8122.0,0, 3667■=ソニー■VPCEE47FJ用15インチワイド液晶(光沢)      
460,t360393802 ,665.0,665.0,0, 3677■=ソニー■VPCEB17FJ用メモリ1G(PC3-8500S-7-10-B1)      
461,w98386748 ,5500.0,5500.0,0, 新品◆SONY VPCEH19FJ　VPCEH18FJ　VPCEH17FJ 液晶パネル◆      
462,s387891397 ,134080.0,134080.0,0, 限定1台★ノートPC SONY VAIO Fit 15E SVF15318DJW/新品保証付      
463,r113023110 ,48500.0,1.0,38, VAIO VGN-NW50JB★C2D P8700/500GB/4GB/HDMI/Win7/Office2010      
464,p397256279 ,90000.0,90000.0,1, [新品]SONY VAIO Fit 15E SVF15328EJW      
465,d138646302 ,980.0,980.0,0, ☆VAIO VGN-ASシリーズ対応 DVDスーパーマルチドライブ　動作品      
466,h185738343 ,1000.0,1000.0,0, 送料無料SONY リチウムイオンバッテリー PCGA-BP2NX動作未確認      
467,r112929998 ,19800.0,19800.0,1, SONY VAIO/FZ52B2/Core2Duo T7500/Win-VistaHP-SP1/250GB/      
468,r113027514 ,1.0,1.0,59, VAIO VPCF11AFJ★Core i5/500GB/4GB/HDMI/HD/Win7/Office2010      
469,g138047573 ,8550.0,5800.0,8, ジャンク　VGN-FZ71B      
470,f139240609 ,20000.0,20000.0,1, ☆Windows7☆ ノートPC 15.4型 SONY VAIO TYPE F VGN-FE31B/W      
471,v341095728 ,26800.0,26800.0,0, sony VGN-BZAANS C2D-2.53GHz/4G/200G/MULTI/11g/15.4W/VISTA      
472,c431737674 ,100.0,100.0,0, 【在庫処分・純正】☆SONY FXシリーズ用☆日本語キーボード      
473,w100894995 ,8250.0,5000.0,10, SONY　SVE15127CJW　win8 core i7 マザーボード      
474,w101164395 ,2000.0,2000.0,0, ☆ SONY VGN-AS53B ☆ 512MB/DVDマルチ/PentiumM-1.73GHz      
475,v341095724 ,27800.0,27800.0,0, sony VGN-BZAANS C2D-2.53GHz/4G/200G/MULTI/11g/15.4W/VISTA      
476,d142963440 ,9800.0,9800.0,0, SONY VGN-AS53PS 240GB 動作確認済 難点あり      
477,r113030084 ,4500.0,4500.0,0, ソニーバイオ　16.1インチ　　DVD　      
478,n135405434 ,6000.0,6000.0,0, ジャンク　VGN-FE51B/H      
479,t291752586 ,1980.0,1980.0,0, ■格安HDD交換■ハードディスク交換/データ移行/パソコン修理      
480,o35640112 ,88080.0,88080.0,0, 限定1台★SONY VAIO Fit 15E SVF15317DJB ブラック/新品保証付      
481,178088342 ,28800.0,26800.0,2, ♪Win7搭載♪美白♪VAIO★高性能CPU★320GB★VGN-N50HB      
482,w101430763 ,81000.0,1.0,69, ★新品・未開封 ソニーVAIO Fit15E Corei7 8G Win7 HDD500★      
483,h185850178 ,40000.0,40000.0,0, ☆美品☆VAIO VGN-FW91S　チタングレー☆VAIO OWNER MADE☆      
484,h181354135 ,5000.0,5000.0,0, s15☆ノートPCの電源ジャック修理の作業代金5 000円☆⑥     
485,d154060489 ,142000.0,1.0,51, 極美品 VAIO SVS15129CJS i7/Win8/12GB/256GB/BD-RE/GT640M LE      
486,n135405452 ,4000.0,4000.0,0, ジャンク VGN-FE51B/H      
487,f139177867 ,4705.0,1.0,21, SONY VGN-FE30B Celeron420 1.6GHz 512MB 80GB XP DtoD#410-111      
488,t360393770 ,6318.0,6318.0,0, 3666■=ソニー■VPCEE47FJ用ケース/マザーボード/CPU:Win7キー有      
489,o35879930 ,82580.0,82580.0,0, 限定1台★ノートPC SONY VAIO Fit 15E SVF1521BAJ/新品保証付      
490,k170865648 ,1860.0,1860.0,0, 【新品】SONY VAIO VGN-BZAANS CPU ファン 定形外＆おまけ付      
491,n129514233 ,1860.0,1860.0,0, 【新品】SONY VAIO type BZ VGN-BZ CPU ファン MCF-C25BM05      
492,183382911 ,3000.0,3000.0,0, SONY VAIO PCG-GRT55F/B Celeron 2.4GHz Bios起動OK 送料2割引      
493,n129738381 ,1980.0,1980.0,0, ◆SONY VAIO VGN-K50B Celeron 2.5GHz ジャンク      
494,w100816040 ,78000.0,1.0,46, 未使用★SVE15125CJW★Core i5 3210M/1000GB/4GB/HDMI/BD/Office      
495,h187057898 ,1860.0,1860.0,0, 【新品】SONY VAIO VGN-BZAANS CPU ファン 定形外＆おまけ付      
496,x330169096 ,5573.0,5573.0,0, 3521■=ソニー■VGN-NR71B用ケース/マザーボード/CPU:Core2Due      
497,d151803512 ,1960.0,1860.0,1, 【新品】SONY VAIO type BZ VGN-BZ CPU ファン MCF-C25BM05      
498,x330169078 ,857.0,857.0,0, 3526■=ソニー■VGN-NR71B用無線LANカード(WM3945ABG)      
499,s388861453 ,4555.0,2000.0,8, ★ジャンク★SONY★VAIO VGN-FS50B★未チェック★F J164662      
500,j290978597 ,2485.0,2485.0,0, DDR新品1GB/pc2700/Sony Type A B E F Y GRT92V対応 
501,t360393820 ,2708.0,2708.0,0, 3668■=ソニー■VPCEE47FJ用キーボード(V116646A)      
502,x330169092 ,5144.0,5144.0,0, 3522■=ソニー■VGN-NR71B用15インチワイド(光沢)      
503,h187058076 ,2060.0,1880.0,1, 【新品☆送料140】SONY VGN-FZ用 CPU ファン UDQFRPR62CF0      
504,w101058895 ,65000.0,1.0,57, 極美品 VAIO VPCEB39FJ Core i5/Win7/8GB/500GB/BD-RE/eSATA端子      
505,s388861451 ,4500.0,2000.0,13, ★ジャンク★SONY★VAIO VGN-FE30B★未チェック★F J163182      
506,x330169082 ,950.0,950.0,1, 3525■=ソニー■VGN-NR71B用DVDスーパーマルチ(AP-7560A)      
507,d154062969 ,79800.0,78800.0,1, 新品 SONY★VAIO Fit15E SVF15317DJW★office付/win8/保証有      
508,h187561233 ,1602.0,1.0,8, SONY VGN-FS30B CelM 1.4GHz 256M 80G BIOSOKジャンク#410-112      
509,x330169088 ,2808.0,2708.0,2, 3523■=ソニー■VGN-NR71B用キーボード(V072078AJ1)      
510,t360393816 ,1805.0,1805.0,0, 3670■=ソニー■VPCEE47FJ用DVDスーパーマルチ      
511,k174528653 ,4000.0,4000.0,0, SONY VAIO PCG-GR7F そこそこきれいなジャンク品      
512,n135348338 ,57000.0,1.0,65, VAIO VPCEB49FJ★Core i5/500GB/4GB/HDMI/Win7/Office2010      
513,w101364757 ,20000.0,18000.0,1, ★☆VGN-FE31B/CM430/1024M/80G/DVDS/WLAN/カメラ☆      
514,w101499055 ,17000.0,1.0,27, ★SONY VAIO VPCEE47FJ Win7 高性能ノートPC メモリ4GB 500GB★      
515,t360393810 ,4512.0,4512.0,0, 3673■=ソニー■VPCEB17FJ用15インチワイド液晶(光沢)      
516,g138045897 ,69000.0,1.0,42, VAIO SVE15125CJ★Core i5 3210M/1000GB/8GB/HDMI/Office2013      
517,178084513 ,6500.0,6500.0,1, 新品 ★SONY VAIO PCG-71B11N 液晶パネル 15.6 インチ      
518,u51172011 ,3480.0,3480.0,0, 本物保証★ALFA 2000mW 11n無線LAN USB AWUS036NH(検gsky      
519,g114550541 ,500.0,500.0,0, ■小冊子★できる PMB VAIO Edition 特別版●清水理史★非売品■      
520,183330147 ,35000.0,31000.0,7, ＳＯＮＹ　VPCEE35FJ　リカバリ済み      
521,l185022899 ,1280.0,1280.0,0, ■新品■SONY VAIO EH1 VPCEH100C VPCEH200C用HDDアダプター      
522,g132519520 ,11500.0,1.0,18, ★ジャンク★ VAIO VGN-FZ72B Coer2Duo T7500 2.2GHｚ 15.4型BD      
523,m119457728 ,39500.0,1.0,47, 極美品 SONY VAIO VPCEL16FJ AMD E-350/Win7/4GB/500GB      
524,g132394214 ,51900.0,1.0,55, VAIO VPCCB28★Core i5 2410M/640GB/4GB/HDMI/Win7/Office2010      
525,f139243423 ,30500.0,1.0,65, ●○R489 7搭載 VGN-FZ52B Core 2 Duo 2.2G/4G/250G○●      
526,u62446456 ,12000.0,12000.0,1, SONY VGN-AS34B VAIO 250GB 1GB リカバリー 動作確認済      
527,w100784198 ,17000.0,17000.0,0, ソニーVGNーTX52B/Windows7/OFFICE2007      
528,d152055046 ,44400.0,1.0,36, 美品 VAIO SVE15113FJW Pentium B970/Win7/8GB/640GB      
529,o36306445 ,20000.0,20000.0,0, SONY Vaio VGN-NR50B Celeron 1.73GHz 1GBRAM Vistaリカバリ済      
530,b158258769 ,75000.0,1.0,68, VAIO SVE15127CJ★Core i7 3632QM/1000GB/8GB/HDMI/Office2013      
531,t360598314 ,160080.0,160080.0,0, 限定1台★SONY VAIO Fit 15A SVF15N28EJB ブラック/新品保証付      
532,b155816148 ,7500.0,5000.0,11, SONY　SVE15117FJW　win7 core i5 マザーボード      
533,n129829467 ,3370.0,1.0,10, SONY VGN-FE53B バックライトNG ジャンク #410-114      
534,v354905185 ,126580.0,126580.0,0, 限定1台★SONY VAIO Fit SVF15A17CJS シルバー/新品保証付      
535,d152037104 ,26100.0,1.0,71, VPCEH3AJ 2.3GHz Corei3　メモリ4GB リカバリ付　PCG-71B11N      
536,f133842322 ,1980.0,1980.0,0, ★動画DVDパソコン教室15本【マスターセット】 ユーザー登録可db      
537,o10375183 ,768.0,768.0,1, 8574■=SONY■VGN-FW30B用キーボード（148084011）      
538,m118690597 ,10800.0,10800.0,0, SONY VAIO VGN-AS33B 1GB　100GB リカバリー 動作確認済      
539,r106853346 ,500.0,500.0,0, ★VAIO★HDDマウンタ★PCG-GRX/PCG-GRV      
540,t360393814 ,632.0,632.0,0, 3671■=ソニー■VPCEE47FJ用無線LANカード(AR5B95)      
541,h187590997 ,55550.0,1.0,58, SONY VAIO VPCF118FJ i5/Win7/4GB/500GB/BD-RE/地デジ/FULL HD      
542,165581644 ,980.0,980.0,0, ☆VAIO VGN-ASシリーズ対応 液晶コンバーター&接続ケーブル      
543,f120729724 ,840.0,840.0,0, ☆VAIO VGN-ASシリーズ対応 無線LANアンテナユニット      
544,b143069542 ,840.0,840.0,0, ☆VAIO VGN-ASシリーズ対応 内蔵DVD取付金具      
545,g138023815 ,2000.0,2000.0,0, ☆ SONY VGN-E92B/B   PCG-9V1N ☆ DVDマルチ/PentiumM-1.7GHz     
546,u63893552 ,7900.0,7900.0,0, 新品1年の保証 SONY VPCCB 19FJ 29FJ 38FJ 49FJ 48FJ 液晶パネル      
547,m124178695 ,7200.0,7200.0,0, 新品 ◆富士通 LIFEBOOK P770/B 液晶パネル◆LP121WX4-TLA1      
548,l229851678 ,139380.0,139380.0,0, 限定1台★SONY VAIO Fit 15A SVF15N18DJB ブラック/新品保証付      
549,b158362361 ,10000.0,1.0,11, SONY VGN-NW51FB ジャンク品 Core 2 DUO/4GB/WIN7      
550,f133699118 ,56000.0,1.0,69, VAIO VPCEB17FJ★Core i3/500GB/4GB/HDMI/Win7/Office2010      
551,g138082859 ,60000.0,1.0,76, 美品 VAIO 10周年記念 VPCZ11AFJ i7/Win7/8GB/SSD 128GB/WIMAX      
552,165009122 ,980.0,980.0,0, ☆VAIO VGN-ASシリーズ対応 I/Fユニット 各種　4点セット      
553,r99494598 ,980.0,980.0,0, ☆VAIO VGN-ASシリーズ対応 HDDマウントトユニット      
554,p399936285 ,14060.0,8600.0,11, SONY　VGN-NW50JB　CORE2　P8700　　ジャンク      
555,d153768725 ,5000.0,5000.0,1, VAIO VGN-FS51B　中古　可動ジャンク扱い♪　SONY　typeF      
556,r112879535 ,1500.0,1500.0,0, VGP-AC19V11★VGN-SZ/VGN-S/VGN-C/VGN-FZ★ACアダプタ      
557,g121080658 ,500.0,500.0,0, 管837 VGN-FS23B(PCG-7G2N)純正無線LANアンテナ      
558,w100974254 ,11550.0,1500.0,13, ジャンク SONY VAIO VGN-NS52JB/P BIOS確認 部品取りに 欠品有      
559,r113191868 ,1480.0,1480.0,0, ☆SONY VAIO VGN-FS51B用マザーボード/ボトム[022]      
560,s388704217 ,162580.0,162580.0,0, 限定1台★SONY VAIO Fit 15A SVF15N28EJS シルバー/新品保証付      
561,k170917538 ,1500.0,1500.0,0, HDDマウンタVGN-NS50/VGN-NS51/VGN-NS71/VGN-NS52/VGN-NS72/NS92      
562,d148242346 ,9500.0,9500.0,0, SONY VGN-NW91FS 液晶パネル　      
563,r101622342 ,1000.0,1000.0,0, 管186　SONY VGN-FS22VB　液晶ケーブル　中古純正      
564,g137927057 ,2500.0,2500.0,1, SONY　SVE15117FJW　win7 core i5 キーボード      
565,w101031687 ,4100.0,500.0,17, SONY【VAIO】VGN-FE21/W【XP】Vista以降可（キー不備）      
566,k176575533 ,39800.0,39800.0,0, ★ Windows7/HDMI/Core2Duo2.53/新品500G/4G/Bluray/VGN-NW70JB      
567,h187491511 ,1800.0,1800.0,2, ACアダプタ★SONY VAIO★VGP-AC19V19      
568,w100952990 ,2780.0,1.0,73, SONY VGN-FE51B/H Core2Duo 1.66GHz 1G 100G ジャンク#410-115      
569,k176617971 ,79800.0,79800.0,1, VAIO FIT14E SVF1421A1J/Core i5/Win8/タッチパネル/office2010      
570,k176488559 ,51000.0,1.0,55, 極美品 VAIO VPCEB38FJ Core i3/Win7/4GB/500GB/eSATA端子      
571,t360393808 ,1900.0,1900.0,1, 3675■=ソニー■VPCEB17FJ用DVDスーパーマルチ(AD-7700H)      
572,c453690695 ,4250.0,4250.0,1, ★SONY VGN-FS31B■Cel M 370-1.50GHz/512MB/80GB/無線有      
573,183228717 ,5500.0,5500.0,0, ◆新品 NEC LaVie Light BL350EW6R 用10.1 インチ液晶パネル◆      
574,t360393818 ,1805.0,1805.0,1, 3669■=ソニー■VPCEE47FJ用バッテリー(VGP-BPS22)      
575,n129812753 ,69800.0,69800.0,1, 人気/Windows8.1のVAIOビビッドカラーピンクHDDは500GB新品      
576,j290118575 ,61000.0,1.0,70, 1円～★美品★SONY ソニー VAIO Eシリーズ SVE15123CJW 15.5型      
577,w101213345 ,55000.0,1.0,42, VAIO VPCEB28FJ★Core i3/500GB/4GB/HDMI/Win7/Office2010      
578,k171301210 ,49800.0,49800.0,1, 美品　VAIO Eシリーズ VPCEL15FJ/8G増設/500GB/Win7/office2010      
579,d154112087 ,2100.0,2000.0,2, ☆ SONY VGN-FE90S ☆ 512MB/DVD CD-RW/IntelCeleron M-1.6GHz      
580,m124181727 ,26800.0,26800.0,1, ★Windows7/高速デュアルコア/新品HDD160G/メモリ2G/VGN-NS90HS      
581,s388169167 ,122480.0,122480.0,0, 限定1台★SONY VAIO Fit 15A SVF15N17DJP ピンク/新品保証付      
582,w101114997 ,24000.0,500.0,22, ソニー　VAIO type N VGN-NR72B　Office付      
583,r113242513 ,14000.0,1.0,31, SONY VAIO VGN-FZ61B CORE2　T7250 Windows7 32Bit 新品80G      
584,x330650166 ,133480.0,133480.0,0, 限定1台★SONY VAIO Fit 15A SVF15N18DJP ピンク/新品保証付      
585,w100854058 ,900.0,900.0,1, SONY VAIO PCG-GR7E PCG-882N メモリ/HDDつき ジャンク      
586,s376375136 ,88060.0,88060.0,0, 限定1台★SONY VAIO Fit 15E SVF15317DJW ホワイト/新品保証付      
587,f133418002 ,1000.0,1000.0,0, キーボード英字★VGN-NR50/VGN-NR51/VGN-NR52/VGN-NR71/VGN-NR72      
588,p391186722 ,6500.0,6500.0,0, NoM141◇VAIO VGN-N50HB CelM1.73GHz?/SDVD/WLAN/通電NG/Junk◇      
